John,Doe,412345678,john.doe@example.com
Jane,Smith,412678901,jane.smith@example.com
Michael,Brown,412234567,michael.brown@example.com
Emily,Davis,412987654,emily.davis@example.com
Sarah,Wilson,412345987,sarah.wilson@example.com
David,Johnson,412567890,david.johnson@example.com
Laura,Martinez,412678234,laura.martinez@example.com
Robert,Lee,412789345,robert.lee@example.com
Michelle,Harris,412890456,michelle.harris@example.com
William,Clark,412901567,william.clark@example.com
Jessica,Lewis,412123456,jessica.lewis@example.com
Brian,Walker,412234678,brian.walker@example.com
Olivia,Hall,412345789,olivia.hall@example.com
James,Allen,412456890,james.allen@example.com
Isabella,Young,412567901,isabella.young@example.com
Daniel,Wright,412678012,daniel.wright@example.com
Ava,Scott,412789123,ava.scott@example.com
Matthew,Adams,412890234,matthew.adams@example.com
Sophie,Nelson,412901345,sophie.nelson@example.com
Andrew,Carter,412123567,andrew.carter@example.com
Chloe,Mitchell,412234678,chloe.mitchell@example.com
Ethan,Roberts,412345789,ethan.roberts@example.com
Mia,Turner,412456890,mia.turner@example.com
Lucas,Phillips,412567901,lucas.phillips@example.com
Emma,Campbell,412678012,emma.campbell@example.com
Alexander,Parker,412789123,alexander.parker@example.com
Lily,Evans,412890234,lily.evans@example.com
Jacob,Edwards,412901345,jacob.edwards@example.com
Charlotte,Collins,412123456,charlotte.collins@example.com
Ryan,Stewart,412234567,ryan.stewart@example.com
Amelia,Morris,412345678,amelia.morris@example.com
Aiden,Rogers,412456789,aiden.rogers@example.com
Grace,Reed,412567890,grace.reed@example.com
Noah,Cook,412678901,noah.cook@example.com
Mia,Bell,412789012,mia.bell@example.com
Jack,Murphy,412890123,jack.murphy@example.com
Ella,Bailey,412901234,ella.bailey@example.com
Lucas,Rivera,412123345,lucas.rivera@example.com
Harper,Cooper,412234456,harper.cooper@example.com
Benjamin,Richardson,412345567,benjamin.richardson@example.com
Lily,Wood,412456678,lily.wood@example.com
Mason,Cox,412567789,mason.cox@example.com
Aria,Ward,412678890,aria.ward@example.com
James,Foster,412789901,james.foster@example.com
Zoe,James,412890012,zoe.james@example.com
Elijah,Bennett,412901123,elijah.bennett@example.com
Scarlett,Gray,412123234,scarlett.gray@example.com
Matthew,Simmons,412234345,matthew.simmons@example.com
Evelyn,Hayes,412345456,evelyn.hayes@example.com
Jack,Brooks,412456567,jack.brooks@example.com
